{"framework":"lit-v2.1.1-non-keyed","keyed":false,"benchmark":"02_replace1k","type":"cpu","min":41.371,"max":44.132,"mean":42.8576,"median":42.697500000000005,"geometricMean":42.84769765631818,"standardDeviation":0.9710469950865738,"values":[41.371,41.79,42.234,42.308,42.68,42.715,43.418,43.903,44.025,44.132]}