{"framework":"lit-v2.1.1-keyed","keyed":true,"benchmark":"23_update5-memory","type":"memory","min":2.0486373901367188,"max":2.0486373901367188,"mean":2.0486373901367188,"median":2.0486373901367188,"geometricMean":2.0486373901367188,"standardDeviation":null,"values":[2.0486373901367188]}