{"framework":"lit-v2.1.1-keyed","keyed":true,"benchmark":"07_create10k","type":"cpu","min":1013.755,"max":1125.881,"mean":1064.1300999999999,"median":1061.8865,"geometricMean":1063.623416853572,"standardDeviation":34.6959302655065,"values":[1013.755,1031.178,1035.814,1041.876,1056.982,1066.791,1082.181,1092.886,1093.957,1125.881]}