{"framework":"lit-v2.1.1","benchmark":"31_startup-ci","type":"startup","min":1106.42,"max":1108.842,"mean":1107.6135,"median":1107.596,"geometricMean":1107.6130615544103,"standardDeviation":1.1379934826995477,"values":[1108.842,1106.9065,1108.2855,1106.42]}