{"framework":"lit-v2.1.1-keyed","keyed":true,"benchmark":"01_run1k","type":"cpu","min":97.374,"max":117.691,"mean":105.4124,"median":105.989,"geometricMean":105.26361227683203,"standardDeviation":5.949832961240735,"values":[97.374,99.041,99.496,104.124,105.584,106.394,106.879,108.404,109.137,117.691]}