{"framework":"lit-v2.1.1-non-keyed","keyed":false,"benchmark":"24_run5-memory","type":"memory","min":2.0196876525878906,"max":2.0196876525878906,"mean":2.0196876525878906,"median":2.0196876525878906,"geometricMean":2.0196876525878906,"standardDeviation":null,"values":[2.0196876525878906]}