{"framework":"lit-v2.1.1-non-keyed","keyed":false,"benchmark":"25_run-clear-memory","type":"memory","min":1.2564201354980469,"max":1.2564201354980469,"mean":1.2564201354980469,"median":1.2564201354980469,"geometricMean":1.2564201354980469,"standardDeviation":null,"values":[1.2564201354980469]}