{"framework":"lit-html-v1.1.0-non-keyed","keyed":false,"benchmark":"22_run-memory","type":"memory","min":2.1630096435546875,"max":2.1630096435546875,"mean":2.1630096435546875,"median":2.1630096435546875,"geometricMean":2.1630096435546875,"standardDeviation":null,"values":[2.1630096435546875]}