{"framework":"lit-html-v1.1.0-non-keyed","keyed":false,"benchmark":"24_run5-memory","type":"memory","min":2.3366661071777344,"max":2.3366661071777344,"mean":2.3366661071777344,"median":2.3366661071777344,"geometricMean":2.3366661071777344,"standardDeviation":null,"values":[2.3366661071777344]}