{"framework":"lit-v2.1.1-non-keyed","keyed":false,"benchmark":"23_update5-memory","type":"memory","min":1.7988967895507812,"max":1.7988967895507812,"mean":1.7988967895507812,"median":1.7988967895507812,"geometricMean":1.7988967895507812,"standardDeviation":null,"values":[1.7988967895507812]}