{"framework":"lit-v2.1.1-keyed","keyed":true,"benchmark":"21_ready-memory","type":"memory","min":1.2709236145019531,"max":1.2709236145019531,"mean":1.2709236145019531,"median":1.2709236145019531,"geometricMean":1.2709236145019531,"standardDeviation":null,"values":[1.2709236145019531]}