{"framework":"lit-v2.1.1-non-keyed","keyed":false,"benchmark":"01_run1k","type":"cpu","min":98.473,"max":141.318,"mean":116.08210000000001,"median":118.402,"geometricMean":115.40510502084388,"standardDeviation":13.252903626920572,"values":[98.473,99.804,101.715,114.63,117.556,119.248,120.626,121.419,126.032,141.318]}