{"framework":"lit-v2.1.1","benchmark":"05_swap1k","type":"cpu","min":25.931,"max":30.663,"mean":27.9544,"median":27.3835,"geometricMean":27.908862128019045,"standardDeviation":1.7013967595282802,"values":[25.931,26.512,26.528,27.222,27.321,27.446,27.896,29.366,30.659,30.663]}