{"framework":"lit-v2.1.1-keyed","keyed":true,"benchmark":"31_startup-ci","type":"startup","min":1868.715,"max":1886.8949999999998,"mean":1875.821625,"median":1873.83825,"geometricMean":1875.8079355932357,"standardDeviation":8.281029861224969,"values":[1868.715,1877.3550000000002,1870.3214999999998,1886.8949999999998]}