{"framework":"lit-v2.1.1","benchmark":"34_startup-totalbytes","type":"startup","min":29.92578125,"max":29.92578125,"mean":29.92578125,"median":29.92578125,"geometricMean":29.92578125,"standardDeviation":0,"values":[29.92578125,29.92578125,29.92578125,29.92578125]}