{"framework":"lit-v2.1.1","benchmark":"01_run1k","type":"cpu","min":85.293,"max":100.384,"mean":92.07730000000001,"median":91.5335,"geometricMean":91.96070718704615,"standardDeviation":4.9073611385799225,"values":[85.293,87.081,88.604,89.082,90.409,92.658,93.051,96.371,97.84,100.384]}