{"framework":"lit-html-v1.1.0-keyed","keyed":true,"benchmark":"21_ready-memory","type":"memory","min":1.2350387573242188,"max":1.2350387573242188,"mean":1.2350387573242188,"median":1.2350387573242188,"geometricMean":1.2350387573242188,"standardDeviation":null,"values":[1.2350387573242188]}