{"framework":"lit-html-v1.1.0-non-keyed","keyed":false,"benchmark":"21_ready-memory","type":"memory","min":1.2326316833496094,"max":1.2326316833496094,"mean":1.2326316833496094,"median":1.2326316833496094,"geometricMean":1.2326316833496094,"standardDeviation":null,"values":[1.2326316833496094]}