{"framework":"lit-v2.1.1-non-keyed","keyed":false,"benchmark":"25_run-clear-memory","type":"memory","min":1.2666282653808594,"max":1.2666282653808594,"mean":1.2666282653808594,"median":1.2666282653808594,"geometricMean":1.2666282653808594,"standardDeviation":null,"values":[1.2666282653808594]}