{"framework":"lit-html-v1.1.0-keyed","keyed":true,"benchmark":"22_run-memory","type":"memory","min":2.1369056701660156,"max":2.1369056701660156,"mean":2.1369056701660156,"median":2.1369056701660156,"geometricMean":2.1369056701660156,"standardDeviation":null,"values":[2.1369056701660156]}