{"framework":"lit-html-v1.1.0-non-keyed","keyed":false,"benchmark":"23_update5-memory","type":"memory","min":2.0554161071777344,"max":2.0554161071777344,"mean":2.0554161071777344,"median":2.0554161071777344,"geometricMean":2.0554161071777344,"standardDeviation":null,"values":[2.0554161071777344]}