{"framework":"lit-v2.1.1-non-keyed","keyed":false,"benchmark":"23_update5-memory","type":"memory","min":1.8000907897949219,"max":1.8000907897949219,"mean":1.8000907897949219,"median":1.8000907897949219,"geometricMean":1.8000907897949219,"standardDeviation":null,"values":[1.8000907897949219]}