{"framework":"lit-html-v1.1.0-non-keyed","keyed":false,"benchmark":"32_startup-bt","type":"startup","min":6.104000000000001,"max":6.552000000000001,"mean":6.405000000000001,"median":6.482000000000001,"geometricMean":6.402522454792923,"standardDeviation":0.2036827598660886,"values":[6.552000000000001,6.468000000000001,6.496000000000001,6.104000000000001]}