{"framework":"lit-v2.1.1-keyed","keyed":true,"benchmark":"04_select1k","type":"cpu","min":8.951,"max":21.689,"mean":12.347199999999997,"median":11.326,"geometricMean":12.006477789748018,"standardDeviation":3.5041076784571303,"values":[8.951,10.81,10.936,11.026,11.259,11.393,11.401,12.067,13.94,21.689]}