{"framework":"lit-v2.1.1","benchmark":"02_replace1k","type":"cpu","min":86.294,"max":94.864,"mean":89.64689999999999,"median":89.1245,"geometricMean":89.5978039796756,"standardDeviation":3.1470796144997686,"values":[86.294,86.42,87.102,87.431,88.344,89.905,90.009,91.668,94.432,94.864]}