{"framework":"lit-v2.1.1-non-keyed","keyed":false,"benchmark":"24_run5-memory","type":"memory","min":2.021331787109375,"max":2.021331787109375,"mean":2.021331787109375,"median":2.021331787109375,"geometricMean":2.021331787109375,"standardDeviation":null,"values":[2.021331787109375]}