{"framework":"lit-v2.1.1-keyed","keyed":true,"benchmark":"02_replace1k","type":"cpu","min":101.142,"max":117.798,"mean":109.503,"median":108.594,"geometricMean":109.41627456365393,"standardDeviation":4.59253740080337,"values":[101.142,106.227,107.312,107.628,108.507,108.681,111.8,112.222,113.713,117.798]}