{"framework":"lit-v2.1.1-non-keyed","keyed":false,"benchmark":"03_update10th1k_x16","type":"cpu","min":20.552,"max":25.453,"mean":23.855600000000003,"median":24.039,"geometricMean":23.81471756004239,"standardDeviation":1.4381152944044506,"values":[20.552,23.067,23.146,23.495,23.997,24.081,24.491,24.878,25.396,25.453]}