{"framework":"lit-v2.1.1-keyed","keyed":true,"benchmark":"03_update10th1k_x16","type":"cpu","min":23.164,"max":30.651,"mean":27.403100000000002,"median":27.978,"geometricMean":27.2762996376404,"standardDeviation":2.7319754126923543,"values":[23.164,23.505,24.772,27.192,27.848,28.108,29.045,29.202,30.544,30.651]}