{"framework":"lit-v2.1.1-keyed","keyed":true,"benchmark":"24_run5-memory","type":"memory","min":2.0051002502441406,"max":2.0051002502441406,"mean":2.0051002502441406,"median":2.0051002502441406,"geometricMean":2.0051002502441406,"standardDeviation":null,"values":[2.0051002502441406]}