{"framework":"lit-html-v1.1.0-non-keyed","keyed":false,"benchmark":"04_select1k","type":"cpu","min":6.977,"max":7.843,"mean":7.4079999999999995,"median":7.4544999999999995,"geometricMean":7.404200712443974,"standardDeviation":0.24966021353476037,"values":[6.977,7.144,7.202,7.344,7.438,7.471,7.525,7.568,7.568,7.843]}