{"framework":"lit-v2.1.1-keyed","keyed":true,"benchmark":"08_create1k-after1k_x2","type":"cpu","min":98.802,"max":111.778,"mean":106.806,"median":106.715,"geometricMean":106.73723976495762,"standardDeviation":4.01330296223281,"values":[98.802,104.043,104.159,105.244,106.193,107.237,108.873,110.059,111.672,111.778]}