{"framework":"lit-v2.1.1-non-keyed","keyed":false,"benchmark":"21_ready-memory","type":"memory","min":1.2650642395019531,"max":1.2650642395019531,"mean":1.2650642395019531,"median":1.2650642395019531,"geometricMean":1.2650642395019531,"standardDeviation":null,"values":[1.2650642395019531]}