{"framework":"lit-v2.1.1-non-keyed","keyed":false,"benchmark":"07_create10k","type":"cpu","min":975.134,"max":1110.645,"mean":1035.4523999999997,"median":1039.5259999999998,"geometricMean":1034.5504814633325,"standardDeviation":45.64260517494107,"values":[975.134,977.891,989.3,1035.533,1037.341,1041.711,1044.158,1045.814,1096.997,1110.645]}