{"framework":"lit-html-v1.1.0-keyed","keyed":true,"benchmark":"32_startup-bt","type":"startup","min":4.6640000000000015,"max":5.6640000000000015,"mean":5.349000000000001,"median":5.534000000000001,"geometricMean":5.332737204832364,"standardDeviation":0.468818372791283,"values":[5.6640000000000015,5.428000000000001,4.6640000000000015,5.640000000000001]}