{"framework":"lit-v2.1.1-keyed","keyed":true,"benchmark":"25_run-clear-memory","type":"memory","min":1.1107711791992188,"max":1.1107711791992188,"mean":1.1107711791992188,"median":1.1107711791992188,"geometricMean":1.1107711791992188,"standardDeviation":null,"values":[1.1107711791992188]}