{"framework":"lit-v2.1.1-keyed","keyed":true,"benchmark":"25_run-clear-memory","type":"memory","min":1.274688720703125,"max":1.274688720703125,"mean":1.274688720703125,"median":1.274688720703125,"geometricMean":1.274688720703125,"standardDeviation":null,"values":[1.274688720703125]}