{"framework":"lit-html-v1.1.0-keyed","keyed":true,"benchmark":"24_run5-memory","type":"memory","min":2.4570960998535156,"max":2.4570960998535156,"mean":2.4570960998535156,"median":2.4570960998535156,"geometricMean":2.4570960998535156,"standardDeviation":null,"values":[2.4570960998535156]}