{"framework":"lit-v2.1.1-keyed","keyed":true,"benchmark":"23_update5-memory","type":"memory","min":1.8249244689941406,"max":1.8249244689941406,"mean":1.8249244689941406,"median":1.8249244689941406,"geometricMean":1.8249244689941406,"standardDeviation":null,"values":[1.8249244689941406]}