{"framework":"react-v17.0.2-keyed","keyed":true,"benchmark":"23_update5-memory","type":"memory","min":4.930408477783203,"max":4.930408477783203,"mean":4.930408477783203,"median":4.930408477783203,"geometricMean":4.930408477783203,"standardDeviation":null,"values":[4.930408477783203]}