{"framework":"react-v16.8.6-non-keyed","keyed":false,"benchmark":"21_ready-memory","type":"memory","min":1.4703254699707031,"max":1.4703254699707031,"mean":1.4703254699707031,"median":1.4703254699707031,"geometricMean":1.4703254699707031,"standardDeviation":null,"values":[1.4703254699707031]}