{"framework":"react-v17.0.2-keyed","keyed":true,"benchmark":"21_ready-memory","type":"memory","min":1.4559860229492188,"max":1.4559860229492188,"mean":1.4559860229492188,"median":1.4559860229492188,"geometricMean":1.4559860229492188,"standardDeviation":null,"values":[1.4559860229492188]}