{"framework":"react-v16.8.6-non-keyed","keyed":false,"benchmark":"23_update5-memory","type":"memory","min":4.709526062011719,"max":4.709526062011719,"mean":4.709526062011719,"median":4.709526062011719,"geometricMean":4.709526062011719,"standardDeviation":null,"values":[4.709526062011719]}