{"framework":"react-v17.0.2-keyed","keyed":true,"benchmark":"22_run-memory","type":"memory","min":4.235328674316406,"max":4.235328674316406,"mean":4.235328674316406,"median":4.235328674316406,"geometricMean":4.235328674316406,"standardDeviation":null,"values":[4.235328674316406]}