{"framework":"react-v17.0.2-keyed","keyed":true,"benchmark":"07_create10k","type":"cpu","min":1536.092,"max":1721.924,"mean":1668.4022999999997,"median":1694.9565,"geometricMean":1667.2246841869985,"standardDeviation":65.184835424694,"values":[1536.092,1580.569,1631.794,1674.549,1680.135,1709.778,1713.999,1715.298,1719.885,1721.924]}