{"framework":"react-v17.0.2-keyed","keyed":true,"benchmark":"32_startup-bt","type":"startup","min":54.823999999999984,"max":68.98399999999998,"mean":60.01599999999999,"median":58.127999999999986,"geometricMean":59.747042430558054,"standardDeviation":6.671658664330278,"values":[61.211999999999975,55.044,54.823999999999984,68.98399999999998]}