{"framework":"react-v17.0.2-keyed","keyed":true,"benchmark":"24_run5-memory","type":"memory","min":4.527000427246094,"max":4.527000427246094,"mean":4.527000427246094,"median":4.527000427246094,"geometricMean":4.527000427246094,"standardDeviation":null,"values":[4.527000427246094]}