{"framework":"react-v16.8.6-non-keyed","keyed":false,"benchmark":"22_run-memory","type":"memory","min":4.041477203369141,"max":4.041477203369141,"mean":4.041477203369141,"median":4.041477203369141,"geometricMean":4.041477203369141,"standardDeviation":null,"values":[4.041477203369141]}