{"framework":"react-v16.8.6-non-keyed","keyed":false,"benchmark":"24_run5-memory","type":"memory","min":6.380710601806641,"max":6.380710601806641,"mean":6.380710601806641,"median":6.380710601806641,"geometricMean":6.380710601806641,"standardDeviation":null,"values":[6.380710601806641]}