{"framework":"react-v17.0.2-keyed","keyed":true,"benchmark":"25_run-clear-memory","type":"memory","min":1.93505859375,"max":1.93505859375,"mean":1.93505859375,"median":1.93505859375,"geometricMean":1.93505859375,"standardDeviation":null,"values":[1.93505859375]}