{"framework":"vue-v3.2.26-keyed","keyed":true,"benchmark":"23_update5-memory","type":"memory","min":3.1326637268066406,"max":3.1326637268066406,"mean":3.1326637268066406,"median":3.1326637268066406,"geometricMean":3.1326637268066406,"standardDeviation":null,"values":[3.1326637268066406]}