{"framework":"vue-v3.2.26-keyed","keyed":true,"benchmark":"24_run5-memory","type":"memory","min":3.2459335327148438,"max":3.2459335327148438,"mean":3.2459335327148438,"median":3.2459335327148438,"geometricMean":3.2459335327148438,"standardDeviation":null,"values":[3.2459335327148438]}