{"framework":"vue-v3.2.26-non-keyed","keyed":false,"benchmark":"22_run-memory","type":"memory","min":3.2043533325195312,"max":3.2043533325195312,"mean":3.2043533325195312,"median":3.2043533325195312,"geometricMean":3.2043533325195312,"standardDeviation":null,"values":[3.2043533325195312]}