{"framework":"vue-v3.2.26-keyed","keyed":true,"benchmark":"01_run1k","type":"cpu","min":107.459,"max":129.246,"mean":115.67999999999999,"median":112.229,"geometricMean":115.44442011612415,"standardDeviation":7.895023594363451,"values":[107.459,108.292,109.932,111.004,111.925,112.533,118.171,120.429,127.809,129.246]}