{"framework":"vue-v3.2.26-non-keyed","keyed":false,"benchmark":"25_run-clear-memory","type":"memory","min":1.3708381652832031,"max":1.3708381652832031,"mean":1.3708381652832031,"median":1.3708381652832031,"geometricMean":1.3708381652832031,"standardDeviation":null,"values":[1.3708381652832031]}