{"framework":"vue-v3.2.26-non-keyed","keyed":false,"benchmark":"24_run5-memory","type":"memory","min":3.2365493774414062,"max":3.2365493774414062,"mean":3.2365493774414062,"median":3.2365493774414062,"geometricMean":3.2365493774414062,"standardDeviation":null,"values":[3.2365493774414062]}