{"framework":"vue-v3.2.26-keyed","keyed":true,"benchmark":"22_run-memory","type":"memory","min":3.214191436767578,"max":3.214191436767578,"mean":3.214191436767578,"median":3.214191436767578,"geometricMean":3.214191436767578,"standardDeviation":null,"values":[3.214191436767578]}