{"framework":"vue-v3.2.26-non-keyed","keyed":false,"benchmark":"21_ready-memory","type":"memory","min":1.3831138610839844,"max":1.3831138610839844,"mean":1.3831138610839844,"median":1.3831138610839844,"geometricMean":1.3831138610839844,"standardDeviation":null,"values":[1.3831138610839844]}